시설명,시도명,시군구명,소재지도로명주소,lat,lon
하상장애인복지관,서울특별시,강남구,서울특별시 강남구 개포로 613,37.49,127.08
강남장애인복지관,서울특별시,강남구,서울특별시 강남구 개포로 605,37.49,127.07
충현복지관,서울특별시,강남구,서울특별시 강남구 논현로98길 16,37.5,127.04
수서동주민센터,서울특별시,강남구,서울특별시 강남구 광평로 301-4,37.49,127.1
일원1동주민센터,서울특별시,강남구,서울특별시 강남구 양재대로55길 14,37.49,127.09
역삼1동주민센터,서울특별시,강남구,서울특별시 강남구 역삼로7길 16,37.5,127.03
역삼2동주민센터,서울특별시,강남구,서울특별시 강남구 도곡로43길 25,37.5,127.05
세곡동주민센터,서울특별시,강남구,서울특별시 강남구 밤고개로 286,37.47,127.11
대치2동주민센터,서울특별시,강남구,서울특별시 강남구 영동대로 65길 24,37.5,127.06
개포1동주민센터,서울특별시,강남구,서울특별시 강남구 개포로 303,37.48,127.05
개포2동주민센터,서울특별시,강남구,서울특별시 강남구 개포로 511,37.49,127.07
수서6단지관리사무소,서울특별시,강남구,서울특별시 강남구 광평로56길 11,37.49,127.11
역삼주간보호센터,서울특별시,강남구,서울특별시 강남구 테헤란로 8길 36,37.5,127.03
삼성2동주민센터,서울특별시,강남구,서울특별시 강남구 봉은사로 419,37.51,127.05
강남구청,서울특별시,강남구,서울특별시 강남구 학동로426,37.52,127.05
압구정동 주민센터,서울특별시,강남구,서울특별시 강남구 압구정로 201,37.53,127.03
청담동 주민센터,서울특별시,강남구,서울특별시 강남구 압구정로79길 26,37.53,127.05
수서역,서울특별시,강남구,서울특별시 강남구 광평로 지하270,37.49,127.1
선릉역,서울특별시,강남구,서울특별시 강남구 테헤란로 지하340,37.5,127.05
굿잡자립센터,서울특별시,강남구,서울특별시 강남구 테헤란로8길 36,37.5,127.03
논현노인 종합복지관,서울특별시,강남구,서울특별시 강남구 강남대로128길 59,37.51,127.03
강남노인종합복지관,서울특별시,강남구,서울특별시 강남구 삼성로628,37.52,127.05
수서명화종합사회복지관,서울특별시,강남구,서울특별시 강남구 광평로51길 49,37.49,127.1
강남세움복지관,서울특별시,강남구,서울특별시 강남구 광평로60길 22,37.49,127.11
강동구청,서울특별시,강동구,서울특별시 강동구 성내로25,37.53,127.12
강동구청역,서울특별시,강동구,서울특별시 강동구 올림픽로 지하550,37.53,127.12
중앙보훈병원역,서울특별시,강동구,서울특별시 강동구 동남로 지하625,37.53,127.15
둔촌역,서울특별시,강동구,서울특별시 강동구 양재대로 지하1369,37.53,127.14
강동구민회관,서울특별시,강동구,서울특별시 강동구 상암로168,37.55,127.14
강일동주민센터,서울특별시,강동구,서울특별시 강동구 아리수로93길 9-14,37.57,127.17
고덕2동주민센터,서울특별시,강동구,서울특별시 강동구 아리수로78길 43-12,37.56,127.16
강동성심병원,서울특별시,강동구,서울특별시 강동구 성안로150,37.54,127.14
강동장애인보호작업장,서울특별시,강동구,서울특별시 강동구 고덕로100-5,37.55,127.14
강동구립 암사도서관,서울특별시,강동구,서울특별시 강동구 고덕로20길 42,37.55,127.13
강동구청,서울특별시,강동구,서울특별시 강동구 성내로25,37.53,127.12
강동구청역,서울특별시,강동구,서울특별시 강동구 올림픽로 지하550,37.53,127.12
중앙보훈병원역,서울특별시,강동구,서울특별시 강동구 동남로 지하625,37.53,127.15
둔촌역,서울특별시,강동구,서울특별시 강동구 양재대로 지하1369,37.53,127.14
강동구민회관,서울특별시,강동구,서울특별시 강동구 상암로168,37.55,127.14
강일동주민센터,서울특별시,강동구,서울특별시 강동구 아리수로93길 9-14,37.57,127.17
고덕2동주민센터,서울특별시,강동구,서울특별시 강동구 아리수로78길 43-12,37.56,127.16
강동성심병원,서울특별시,강동구,서울특별시 강동구 성안로150,37.54,127.14
강동장애인보호작업장,서울특별시,강동구,서울특별시 강동구 고덕로100-5,37.55,127.14
강동구립 암사도서관,서울특별시,강동구,서울특별시 강동구 고덕로20길 42,37.55,127.13
강북구청,서울특별시,강북구,서울특별시 강북구 도봉로89길 13,37.64,127.03
국립재활원,서울특별시,강북구,서울특별시 강북구 삼각산로 58,37.64,127.01
오동근린공원,서울특별시,강북구,서울특별시 강북구 오현로31길 51,37.63,127.04
오동근린공원,서울특별시,강북구,서울특별시 강북구 덕릉로42길 49,37.63,127.03
강북장애인종합복지관,서울특별시,강북구,서울특별시 강북구 오현로 189,37.63,127.04
강북장애인종합복지관,서울특별시,강북구,서울특별시 강북구 오현로 189,37.63,127.04
강북구 보건소,서울특별시,강북구,서울특별시 강북구 한천로 897,37.63,127.04
번동2단지종합사회복지관,서울특별시,강북구,"서울특별시 강북구 한천로105길 24, 202동",37.63,127.04
번동3단지종합사회복지관,서울특별시,강북구,서울특별시 강북구 오현로 208,37.63,127.04
번동5단지종합사회복지관,서울특별시,강북구,서울특별시 강북구 한천로115길 20,37.63,127.03
강북구장애인단체총연합회,서울특별시,강북구,서울특별시 강북구 인수봉로 291,37.64,127.01
삼양동종합복지센터,서울특별시,강북구,서울특별시 강북구 삼양로 47길 9,37.62,127.02
시립 강북노인종합복지관,서울특별시,강북구,서울특별시 강북구 삼양로 92길 40,37.64,127.02
미아동복합청사,서울특별시,강북구,서울특별시 강북구 솔매로49길 14,37.63,127.03
수유역,서울특별시,강북구,서울특별시 강북구 도봉로338,37.64,127.03
미아사거리역,서울특별시,강북구,서울특별시 강북구 도봉로 50,37.61,127.03
강북경찰서,서울특별시,강북구,서울특별시 강북구 오패산로 406,37.64,127.03
수유제1동 주민센터,서울특별시,강북구,서울특별시 강북구 삼양로 299,37.63,127.02
강북문화예술회관,서울특별시,강북구,서울특별시 강북구 삼각산로 85,37.64,127.01
북서울꿈의숲(아트센터),서울특별시,강북구,서울특별시 강북구 월계로 173,37.62,127.04
가오리역,서울특별시,강북구,서울특별시 강북구 수유동 338-47,37.64,127.02
솔밭근린공원,서울특별시,강북구,서울특별시 강북구 삼양로 561,37.65,127.01
누리장애인자립생활센터,서울특별시,강서구,서울특별시 강서구 방화동로 126,37.57,126.81
강서뇌성마비복지관,서울특별시,강서구,서울특별시 강서구 방화대로45길 69,37.57,126.81
강서뇌성마비복지관,서울특별시,강서구,서울특별시 강서구 방화대로45길 69,37.57,126.81
기쁜우리체육센터,서울특별시,강서구,서울특별시 강서구 허준로 65 기쁜우리체육센터,37.57,126.85
샬롬의집,서울특별시,강서구,서울특별시 강서구 방화대로7가길 11,37.56,126.82
남은자장애인자립생활센터,서울특별시,강서구,서울특별시 강서구 공항대로 164,37.56,126.83
강서길라장애인자립생활센터,서울특별시,강서구,서울특별시 강서구 양천로 551-24,37.56,126.86
맑은장애인자립생활센터,서울특별시,강서구,서울특별시 강서구 강서로 466,37.57,126.84
기쁜우리복지관,서울특별시,강서구,서울특별시 강서구 허준로 65,37.57,126.85
방화역,서울특별시,강서구,서울특별시 강서구 금낭화로 132,37.58,126.81
개화산역,서울특별시,강서구,서울특별시 강서구 양천로 22,37.57,126.81
김포공항역,서울특별시,강서구,서울특별시 강서구 하늘길 77,37.57,126.8
마곡나루역,서울특별시,강서구,서울특별시 강서구 마곡중앙5로 2,37.57,126.83
양천향교역,서울특별시,강서구,서울특별시 강서구 양천로 341,37.57,126.84
가양역,서울특별시,강서구,서울특별시 강서구 양천로 485,37.56,126.85
가양역,서울특별시,강서구,서울특별시 강서구 양천로 485,37.56,126.85
공항동주민센터,서울특별시,강서구,서울특별시 강서구 송정로 45,37.56,126.81
발산1동주민센터,서울특별시,강서구,서울특별시 강서구 강서로47길 54,37.55,126.83
강서구청 별관 복지지원센터,서울특별시,강서구,서울특별시 강서구 화곡로 302,37.55,126.85
강서구보건소,서울특별시,강서구,서울특별시 강서구 공항대로 561,37.55,126.87
가양7종합사회복지관,서울특별시,강서구,서울특별시 강서구 허준로 209,37.56,126.86
등촌1종합사회복지관,서울특별시,강서구,서울특별시 강서구 강서로68길 36,37.57,126.84
등촌7종합사회복지관,서울특별시,강서구,서울특별시 강서구 공항대로43길 104,37.56,126.85
방화2종합사회복지관,서울특별시,강서구,서울특별시 강서구 방화대로48길 40,37.57,126.82
강서구립봉제산어르신복지센터,서울특별시,강서구,서울특별시 강서구 초록마을로15길 12,37.54,126.85
겸재정선미술관,서울특별시,강서구,서울특별시 강서구 양천로47길 36,37.57,126.84
등촌3동주민센터,서울특별시,강서구,서울특별시 강서구 화곡로63길 96,37.56,126.85
가양4종합사회복지관,서울특별시,강서구,서울특별시 강서구 양천로57길 37,37.57,126.85
가양5종합사회복지관,서울특별시,강서구,서울특별시 강서구 양천로 57길 36,37.56,126.85
등촌4종합사회복지관,서울특별시,강서구,서울특별시 강서구 공항대로39길 59,37.56,126.84
등촌9종합사회복지관,서울특별시,강서구,서울특별시 강서구 화곡로63가길 92,37.56,126.85
강서다솔장애인자립생활센터,서울특별시,강서구,"서울특별시 강서구 양천로57길 36, 가양5단지 A상가 (가양동)",37.56,126.85
강서구 장애인단체 총연합회,서울특별시,강서구,"서울특별시 강서구 공항대로247, C동(마곡동)",37.56,126.84
허니장애인자립생활센터,서울특별시,강서구,서울특별시 강서구 공항대로 228(마곡동),37.56,126.83
행복을파는장사꾼,서울특별시,강서구,서울특별시 강서구 까치산로 134(화곡동),37.55,126.85
꿈장애인자립생활센터,서울특별시,강서구,서울특별시 강서구 화곡로31다길 11(화곡동),37.54,126.84
관악구종합청사,서울특별시,관악구,서울특별시 관악구 봉천동 관악로 145 관악구청 1동,37.48,126.95
장애인종합복지관,서울특별시,관악구,서울특별시 관악구 봉천동 남부순환로 1914 관악구장애인종합복지관,37.48,126.96
관악산 무장애숲길,서울특별시,관악구,,37.46,126.95
관악구보건소,서울특별시,관악구,서울특별시 관악구 봉천동 관악로 145 관악보건소 2동,37.48,126.95
관악구민체육센터,서울특별시,관악구,서울특별시 관악구 봉천동 낙성대로3길 37 관악구민종합체육센터,37.47,126.96
보라매동 주민센터,서울특별시,관악구,서울특별시 관악구 봉천동 봉천로 279-8 보라매동 주민센터,37.49,126.93
은천동 주민센터,서울특별시,관악구,서울특별시 관악구 봉천동 봉천로33나길 30 은천동 복합청사,37.49,126.94
성현동 주민센터,서울특별시,관악구,서울특별시 관악구 봉천동 구암길 38 성현동 주민센터,37.49,126.95
중앙동주민센터,서울특별시,관악구,서울특별시 관악구 양녕로6다길 7,37.48,126.95
청림동주민센터,서울특별시,관악구,서울특별시 관악구 봉천동 관악로40길 39 청림동 주민센터,37.49,126.96
행운동주민센터,서울특별시,관악구,서울특별시 관악구 행운1길 43,37.48,126.96
청룡동 주민센터,서울특별시,관악구,서울특별시 관악구 쑥고개로 44,37.48,126.94
낙성대동 주민센터,서울특별시,관악구,서울특별시 관악구 낙성대로4가길 5,37.48,126.96
인헌동주민센터,서울특별시,관악구,서울특별시 관악구 남부순환로246가길 20,37.48,126.97
남현동주민센터,서울특별시,관악구,서울특별시 관악구 남현동 남현1가길 29 남현동복합청사,37.47,126.98
신림동주민센터,서울특별시,관악구,서울특별시 관악구 신림동 신림동길 14 신림동주민센터,37.49,126.93
조원동 주민센터,서울특별시,관악구,서울특별시 관악구 신림동 조원로12길 25 조원동주민센터,37.48,126.91
미성동 주민센터,서울특별시,관악구,서울특별시 관악구 신림동 난곡로 249 미성동 주민센터,37.48,126.92
난곡동 주민센터,서울특별시,관악구,서울특별시 관악구 난곡로30길 40,37.47,126.92
난향동주민센터,서울특별시,관악구,서울특별시 관악구 신림동 난곡로 67 난향동주민센터,37.46,126.92
서원동주민센터,서울특별시,관악구,서울특별시 관악구 신림로 282,37.48,126.93
서림동 주민센터,서울특별시,관악구,서울특별시 관악구 신림동 신림로29길 6 서림동주민센터,37.47,126.93
삼성동주민센터,서울특별시,관악구,서울특별시 관악구 신림동 호암로 589 삼성동주민센터,37.47,126.93
대학동 주민센터,서울특별시,관악구,서울특별시 관악구 신림로 111,37.47,126.94
신림종합사회복지관,서울특별시,관악구,서울특별시 관악구 난곡로110,37.46,126.92
보훈회관,서울특별시,관악구,서울특별시 관악구 신림동 남부순환로 1427 관악구 보훈회관,37.48,126.91
한울림장애인자립생활센터,서울특별시,관악구,"서울특별시 관악구 남부순환로 1692, 태광빌딩",37.48,126.94
서울대학교,서울특별시,관악구,서울특별시 관악구 신림동 관악로 1 삼성컨벤션센타,37.47,126.96
서울새롬학교,서울특별시,관악구,서울특별시 관악구 봉천동 보라매로 44 삼육외래센터 SRC서울센터(새롬학교),37.49,126.93
신원동주민센터,서울특별시,관악구,서울특별시 관악구 신원로3길 13,37.48,126.93
광진구청,서울특별시,광진구,서울특별시 광진구 자양로 117,37.54,127.08
광진장애인회관,서울특별시,광진구,서울특별시 광진구 자양로 209,37.55,127.09
광진장애인회관,서울특별시,광진구,서울특별시 광진구 자양로 209,37.55,127.09
한국뇌병변장애인인권협회,서울특별시,광진구,서울특별시 광진구 자양로 176,37.54,127.08
정립회관,서울특별시,광진구,서울특별시 광진구 워커힐로93,37.55,127.1
정립회관,서울특별시,광진구,서울특별시 광진구 워커힐로93,37.55,127.1
정립회관,서울특별시,광진구,서울특별시 광진구 워커힐로93,37.55,127.1
중곡보건지소,서울특별시,광진구,서울특별시 광진구 긴고랑로 110,37.56,127.09
건대입구역,서울특별시,광진구,서울특별시 광진구 아차산로 243,37.54,127.07
군자역,서울특별시,광진구,서울특별시 광진구 천호대로 550,37.56,127.08
구로구청,서울특별시,구로구,서울특별시 구로구 가마산로 245,37.5,126.89
구로구민체육센터,서울특별시,구로구,서울특별시 구로구 고척로45길 39,37.51,126.85
구로구시설관리공단,서울특별시,구로구,서울특별시 구로구 구로동로26길 54,37.49,126.89
구로구민회관,서울특별시,구로구,서울특별시 구로구 가마산로25길 21,37.5,126.89
성프란치스꼬장애인종합복지관,서울특별시,구로구,서울특별시 구로구 남부순환로105라길 25-10,37.48,126.89
구로구보건소,서울특별시,구로구,서울특별시 구로구 구로중앙로28길 66,37.5,126.89
신도림역,서울특별시,구로구,서울특별시 구로구 새말로 지하 117-21,37.51,126.89
천왕역,서울특별시,구로구,서울특별시 구로구 오리로 지하 1154,37.49,126.84
온수역,서울특별시,구로구,서울특별시 구로구 경인로3길 지하 64,37.49,126.82
구일역,서울특별시,구로구,서울특별시 구로구 구일로 133,37.5,126.87
대림역,서울특별시,구로구,서울특별시 구로구 도림천로 351,37.49,126.89
구로조은장애인자립생활센터,서울특별시,구로구,서울특별시 구로구 디지털로31길 38-21,37.49,126.89
구로장애인자립생활센터,서울특별시,구로구,서울특별시 구로구 가마산로27길 14,37.5,126.89
독산1동 주민센터(본소),서울특별시,금천구,서울특별시 금천구 시흥대로123길 11,37.47,126.9
독산1동 주민센터(분소),서울특별시,금천구,서울특별시 금천구 한내로 69-17,37.46,126.89
독산2동 주민센터,서울특별시,금천구,서울특별시 금천구 독산로 179,37.46,126.9
독산3동 주민센터,서울특별시,금천구,서울특별시 금천구 독산로 317,37.48,126.9
독산4동 주민센터,서울특별시,금천구,서울특별시 금천구 독산로 232,37.47,126.9
시흥1동 주민센터,서울특별시,금천구,서울특별시 금천구 시흥대로58길 36,37.45,126.9
시흥2동 주민센터,서울특별시,금천구,서울특별시 금천구 금하로 764,37.45,126.91
시흥3동 주민센터,서울특별시,금천구,서울특별시 금천구 시흥대로18길 40,37.44,126.91
시흥4동 주민센터,서울특별시,금천구,서울특별시 금천구 독산로36길 14,37.46,126.91
시흥5동 주민센터,서울특별시,금천구,서울특별시 금천구 금하로21길 20,37.45,126.91
가산동 주민센터,서울특별시,금천구,서울특별시 금천구 가산로 129,37.48,126.89
금천구청,서울특별시,금천구,서울특별시 금천구 시흥대로73길 70,37.46,126.9
금천어울림복지센터,서울특별시,금천구,서울특별시 금천구 시흥대로73길 30,37.46,126.9
안양천 산책로,서울특별시,금천구,서울특별시 금천구 안양천동자전거길 1233,37.46,126.89
안양천 다목적광장,서울특별시,금천구,서울특별시 금천구 안양천동자전거길 1441,37.44,126.9
금천장애인종합복지관,서울특별시,금천구,서울특별시 금천구 시흥대로101길 17,37.46,126.9
금천장애인자립생활센터,서울특별시,금천구,서울특별시 금천구 독산로 70,37.45,126.91
지체장애인연합회,서울특별시,금천구,"서울특별시 금천구 시흥대로 155, 218호",37.45,126.9
독산구립도서관,서울특별시,금천구,서울특별시 금천구 독산로54길 114,37.47,126.91
월계2분회(지체장애인협회),서울특별시,노원구,서울특별시 노원구 초안산로1길 15,37.63,127.05
월계2동 주민센터,서울특별시,노원구,서울특별시 노원구 초안산로5길 28,37.63,127.05
월계3분회(지체장애인협회),서울특별시,노원구,서울특별시 노원구 월계로55길 4,37.63,127.06
공릉1분회(지체장애인협회),서울특별시,노원구,서울특별시 노원구 공릉동 708-1,37.63,127.07
공릉2동 주민센터,서울특별시,노원구,서울특별시 노원구 공릉2동 노원로1길 68,37.62,127.08
태릉입구역 만남의광장,서울특별시,노원구,서울특별시 노원구 공릉1동 동일로 988,37.62,127.08
하계1분회(지체장애인협회),서울특별시,노원구,서울특별시 노원구 노원로16길 15,37.64,127.07
서울특별시기능장애인협회 노원,서울특별시,노원구,서울특별시 노원구 한글비석로 178,37.64,127.08
중계본동 주민센터,서울특별시,노원구,서울특별시 노원구 중계로 143,37.65,127.08
중계1단지분회(지체장애인협회),서울특별시,노원구,서울특별시 노원구 동일로210길 22,37.65,127.07
평화종합사회복지관,서울특별시,노원구,서울특별시 노원구 노원로 331,37.65,127.07
중계2.3동 주민센터 입구,서울특별시,노원구,서울특별시 노원구 노원로17길 56,37.64,127.07
중계4동분회(지체장애인협회),서울특별시,노원구,서울특별시 노원구 덕릉로 662,37.66,127.07
중계4동 주민센터,서울특별시,노원구,서울특별시 노원구 덕릉로82길 50,37.66,127.08
노원교옆 고가도로 아래(한울상인회),서울특별시,노원구,서울특별시 노원구 동일로 243길,37.68,127.05
상계6동분회(지체장애인협회),서울특별시,노원구,서울특별시 노원구 덕릉로70가길 101,37.64,127.06
상계1동주민센터,서울특별시,노원구,서울특별시 노원구 동일로 1697,37.68,127.05
"상계3,4동주민센터",서울특별시,노원구,서울특별시 노원구 덕릉로 859,37.67,127.08
상계10동주민센터,서울특별시,노원구,서울특별시 노원구 노원로 530,37.66,127.06
디에스케어,서울특별시,노원구,서울특별시 노원구 덕릉로115다길 40,37.67,127.08
장애인복지과 입구,서울특별시,노원구,서울특별시 노원구 노해로 437,37.65,127.06
한국뇌성마비장애인협회 청우,서울특별시,노원구,서울특별시 노원구 덕릉로 805,37.67,127.08
노원장애인 자립생활센터 어울림,서울특별시,노원구,서울특별시 노원구 상계로5길 12,37.66,127.06
노원중증장애인 독립생활센터,서울특별시,노원구,서울특별시 한글비석로15길 48 현대종합상사,37.66,127.07
뇌성마비복지관,서울특별시,노원구,서울특별시 노원구 덕릉로70가길 96,37.64,127.06
북부장애인종합복지관,서울특별시,노원구,서울특별시 노원구 덕릉로70가길 92,37.64,127.06
성민복지관,서울특별시,노원구,서울특별시 노원구 노원로32길 30-3,37.66,127.07
지체장애인협회노원구지회,서울특별시,노원구,서울특별시 노원구 월계로 370,37.63,127.06
장애인지원센터 디딤돌,서울특별시,노원구,서울특별시 노원구 상계로5길 32,37.66,127.06
7호선 중계역,서울특별시,노원구,서울특별시 노원구 동일로 지하 1308-1,37.64,127.06
7호선 하계역,서울특별시,노원구,서울특별시 노원구 동일로 지하 1196,37.64,127.07
7호선 노원역,서울특별시,노원구,서울특별시 노원구 상계로 69-1 지하,37.66,127.06
노원구민의 전당,서울특별시,노원구,서울특별시 노원구 동일로 1229,37.64,127.07
경춘선숲길 방문자센터,서울특별시,노원구,서울특별시 노원구 공릉동 706,37.63,127.07
화랑대 철도공원,서울특별시,노원구,서울특별시 노원구 공릉동 29-16,37.63,127.09
불암산생태학습관 산책로 첫번째 쉼터,서울특별시,노원구,서울특별시 노원구 한글비석로12길 37,37.66,127.08
영축산근린공원 산책로 첫번째 쉼터,서울특별시,노원구,서울특별시 노원구 월계로 44가길,37.63,127.06
삼육대학교,서울특별시,노원구,서울특별시 노원구 화랑로 815,37.64,127.11
롯데마트 중계점,서울특별시,노원구,서울특별시 노원구 노원로 330,37.65,127.07
불암산 스포츠타운 장애인론볼장,서울특별시,노원구,서울특별시 노원구 중계로 36,37.64,127.08
행정청사,서울특별시,도봉구,서울특별시 도봉구 방학로3길 117,37.66,127.04
행정청사,서울특별시,도봉구,서울특별시 도봉구 마들로 656,37.67,127.05
기타시설,서울특별시,도봉구,서울특별시 도봉구 도봉로 575,37.66,127.04
교통시설,서울특별시,도봉구,서울특별시 도봉구 덕릉로 376,37.65,127.05
교통시설,서울특별시,도봉구,서울특별시 도봉구 도봉로150다길 3,37.67,127.04
교통시설,서울특별시,도봉구,서울특별시 도봉구 도봉로 955,37.69,127.04
교통시설,서울특별시,도봉구,서울특별시 도봉구 도봉로 486-1,37.65,127.03
교통시설,서울특별시,도봉구,서울특별시 도봉구 마들로 11길 77,37.65,127.05
교통시설,서울특별시,도봉구,서울특별시 도봉구 도봉로170길 2,37.68,127.05
노유자시설,서울특별시,도봉구,서울특별시 도봉구 마들로 664-23,37.67,127.05
노유자시설,서울특별시,도봉구,서울특별시 도봉구 마들로 664-23,37.67,127.05
노유자시설,서울특별시,도봉구,서울특별시 도봉구 마들로 664-23,37.67,127.05
노유자시설,서울특별시,도봉구,서울특별시 도봉구 도당로2길 12-13,37.66,127.04
노유자시설,서울특별시,도봉구,서울특별시 도봉구 도봉로 164길 33-25,37.68,127.05
노유자시설,서울특별시,도봉구,서울특별시 도봉구 도봉로 103길 21,37.64,127.03
교통시설,서울특별시,도봉구,서울특별시 도봉구 덕릉로 376,37.65,127.05
행정청사,서울특별시,도봉구,서울특별시 도봉구 도봉로169나길 22,37.68,127.04
행정청사,서울특별시,도봉구,서울특별시 도봉구 도봉로 552,37.65,127.04
행정청사,서울특별시,도봉구,서울특별시 도봉구 마들로 656,37.67,127.05
노유자시설,서울특별시,도봉구,서울특별시 도봉구 도봉로169가길 52,37.68,127.04
의료시설,서울특별시,도봉구,서울특별시 도봉구 도봉로 720,37.67,127.04
교통시설,서울특별시,도봉구,서울특별시 도봉구 도봉로 964-40,37.69,127.05
노유자시설,서울특별시,도봉구,서울특별시 도봉구 시루봉로17길 42,37.67,127.03
노유자시설,서울특별시,도봉구,서울특별시 도봉구 시루봉로15라길 59-9,37.67,127.03
행정청사,서울특별시,도봉구,서울특별시 도봉구 노해로 147,37.65,127.03
의료시설,서울특별시,도봉구,서울특별시 도봉구 우이천로 308,37.65,127.03
동대문구청,서울특별시,동대문구,서울특별시 동대문구 천호대로 145,37.57,127.04
동문장애인복지관,서울특별시,동대문구,서울특별시 동대문구 장안벚꽃로7길 5(휘경동),37.58,127.07
동문장애인복지관,서울특별시,동대문구,서울특별시 동대문구 장안벚꽃로7길 5(휘경동),37.58,127.07
동대문장애인복지관,서울특별시,동대문구,서울특별시 동대문구 청계천로 521(용두동),37.57,127.03
다사랑행복센터,서울특별시,동대문구,서울특별시 동대문구 청계천로 521(용두동),37.57,127.03
경희대학교,서울특별시,동대문구,서울특별시 동대문구 경희대로 26(회기동),37.59,127.05
가치이룸자립생활센터,서울특별시,동대문구,서울특별시 동대문구 한빛로 20(신설동),37.58,127.03
피노키오자립생활센터,서울특별시,동대문구,서울특별시 동대문구 제기로38길 42(청량리동),37.58,127.05
새날동대문장애인자립생활센터,서울특별시,동대문구,서울특별시 동대문구 장한로43(장안동),37.57,127.07
고려대역,서울특별시,동대문구,서울특별시 동대문구 고산자로 572(제기동),37.59,127.04
답십리역,서울특별시,동대문구,서울특별시 동대문구 천호대로 295(답십리동),37.57,127.05
장한평역,서울특별시,동대문구,서울특별시 동대문구 천호대로 405(장안동),37.56,127.06
제기동역,서울특별시,동대문구,서울특별시 동대문구 왕산로 지하 93(제기동),37.58,127.03
청량리역,서울특별시,동대문구,서울특별시 동대문구 왕산로 205(청량리동),37.58,127.05
회기역,서울특별시,동대문구,서울특별시 동대문구 회기로 195(휘경동),37.59,127.06
답십리1동주민센터,서울특별시,동대문구,서울특별시 동대문구 사가정로 30(답십리동),37.57,127.05
휘경1동주민센터,서울특별시,동대문구,서울특별시 동대문구 외대역동로6길 3,37.59,127.07
총신대학교,서울특별시,동작구,서울특별시 동작구 사당로 143,37.49,126.97
서울시립남부장애인종합복지관,서울특별시,동작구,서울특별시 동작구 여의대방로 20길 33,37.5,126.92
서대문장애인종합복지관,서울특별시,서대문구,서울특별시 서대문구 북아현로 24,37.56,126.96
시립서대문농아인복지관,서울특별시,서대문구,서울특별시 서대문구 수색로4가길 23,37.57,126.91
지체장애인협회,서울특별시,서대문구,서울특별시 서대문구 세검정로 78-19,37.6,126.95
충현동자치회관,서울특별시,서대문구,서울특별시 서대문구 경기대로 40,37.56,126.96
충현동주민센터,서울특별시,서대문구,서울특별시 서대문구 북아현로22길 38,37.56,126.95
신촌동주민센터,서울특별시,서대문구,서울특별시 서대문구 이화여대길 92-8,37.56,126.94
연희동주민센터,서울특별시,서대문구,서울특별시 서대문구 연희로 189,37.57,126.94
홍제1동주민센터,서울특별시,서대문구,서울특별시 서대문구 통일로 435-1,37.59,126.94
홍제2동주민센터,서울특별시,서대문구,서울특별시 서대문구 통일로34길 27,37.59,126.95
홍제3동주민센터,서울특별시,서대문구,서울특별시 서대문구 세검정로4길 32,37.59,126.95
홍은1동주민센터,서울특별시,서대문구,서울특별시 서대문구 홍은중앙로 85,37.6,126.95
홍은2동주민센터,서울특별시,서대문구,서울특별시 서대문구 모래내로 334,37.58,126.93
남가좌1동주민센터,서울특별시,서대문구,서울특별시 서대문구 모래내로 15길 37,37.57,126.92
남가좌2동주민센터,서울특별시,서대문구,서울특별시 서대문구 증가로10길 28,37.58,126.92
북가좌1동주민센터,서울특별시,서대문구,서울특별시 서대문구 수색로 100-55(북가좌동),37.57,126.91
북가좌2동주민센터,서울특별시,서대문구,서울특별시 서대문구 응암로1길 10(북가좌동),37.58,126.91
무악재역,서울특별시,서대문구,서울특별시 서대문구 통일로 358-1,37.58,126.95
충정로역,서울특별시,서대문구,서울특별시 서대문구 서소문로 17,37.56,126.96
이대역,서울특별시,마포구,서울특별시 마포구 신촌로 180,37.56,126.95
아현역,서울특별시,마포구,서울특별시 마포구 신촌로 270,37.56,126.96
독립문역,서울특별시,서대문구,서울특별시 서대문구 통일로 247,37.58,126.96
보건소,서울특별시,서대문구,서울특별시 서대문구 연희로 242,37.58,126.94
형무소1,서울특별시,서대문구,서울특별시 서대문구 통일로 251,37.57,126.96
형무소2,서울특별시,서대문구,서울특별시 서대문구 통일로 251,37.57,126.96
서초구청,서울특별시,서초구,서울특별시 서초구 남부순환로 2584,37.48,127.03
한우리정보문화센터,서울특별시,서초구,서울특별시 서초구 남부순환로340길 15,37.48,127.03
우면종합사회복지관,서울특별시,서초구,서울특별시 서초구 바우뫼로7길 11,37.47,127.02
사랑의 복지관,서울특별시,서초구,서울특별시 서초구 강남대로65길 19,37.5,127.02
중앙노인 종합복지관,서울특별시,서초구,서울특별시 서초구 서초대로54길 45,37.49,127.02
예술의전당,서울특별시,서초구,서울특별시 서초구 남부순환로 2406,37.48,127.01
반포한강공원,서울특별시,서초구,서울특별시 서초구 신반포로11길 40,37.51,126.99
논현역,서울특별시,서초구,서울특별시 서초구 주흥15길 41,37.51,127.02
반포역,서울특별시,서초구,서울특별시 서초구 신반포로 지하 200,37.51,127.01
고속터미널역,서울특별시,서초구,서울특별시 서초구 신반포로 지하 188,37.5,127
내방역,서울특별시,서초구,서울특별시 서초구 서초대로 지하 103,37.49,126.99
이수역,서울특별시,서초구,서울특별시 서초구 동작대로 86,37.48,126.98
사당역,서울특별시,서초구,서울특별시 서초구 효령로 5,37.48,126.98
잠원역,서울특별시,서초구,서울특별시 서초구 잠원로4길 지하 46,37.51,127.01
서초역,서울특별시,서초구,서울특별시 서초구 서초대로 지하 233,37.49,127.01
내곡열린문화센터,서울특별시,서초구,서울특별시 서초구 청계산로15길 77,37.45,127.06
양재2동주민센터,서울특별시,서초구,서울특별시 서초구 강남대로12길 44,37.47,127.04
우면주공아파트,서울특별시,서초구,서울특별시 서초구 바우뫼로7길 11,37.47,127.02
고속터미널역,서울특별시,서초구,서울특별시 서초구 신반포로 지하 188,37.5,127
고속버스터미널(센트럴시티),서울특별시,서초구,서울특별시 서초구 신반포로 176,37.5,127
고속버스터미널(경부선),서울특별시,서초구,서울특별시 서초구 신반포로 194,37.51,127.01
서울성모병원,서울특별시,서초구,서울특별시 서초구 반포대로 222,37.5,127.01
서초문화예술회관,서울특별시,서초구,서울특별시 서초구 강남대로 201,37.48,127.04
성동구청,서울특별시,성동구,서울특별시 성동구 고산자로 270,37.56,127.04
성동구보건소,서울특별시,성동구,서울특별시 성동구 마장로23길 10,37.57,127.03
장애인생활회관,서울특별시,성동구,서울특별시 성동구 청계천로 516,37.57,127.03
성동장애인종합복지관,서울특별시,성동구,서울특별시 성동구 청계천로 506,37.57,127.03
성동재활의원,서울특별시,성동구,서울특별시 성동구 뚝섬로1길 43 성수문화복지회관,37.55,127.05
왕십리역,서울특별시,성동구,서울특별시 성동구 왕십리로 지상 2층,37.56,127.04
성수이마트,서울특별시,성동구,서울특별시 성동구 뚝섬로 379,37.54,127.05
마장동주민센터,서울특별시,성동구,서울특별시 성동구 마장로42길 11,37.57,127.05
성수2가1동주민센터,서울특별시,성동구,서울특별시 성동구 뚝섬로 385-19,37.54,127.05
상왕십리역,서울특별시,성동구,서울특별시 성동구 왕십리로 지하 374,37.56,127.03
마장역,서울특별시,성동구,서울특별시 성동구 마장로 296,37.57,127.04
신금호역,서울특별시,성동구,서울특별시 성동구 금호로 150-1,37.55,127.02
왕십리도선동주민센터,서울특별시,성동구,서울특별시 성동구 마장로 141,37.57,127.03
금호2-3가동주민센터,서울특별시,성동구,서울특별시 성동구 무수막18길 1,37.55,127.02
독서당인문아카데미센터,서울특별시,성동구,서울특별시 성동구 금호로 30,37.55,127.03
서울숲공원 관리사무소,서울특별시,성동구,서울특별시 성동구 뚝섬로 273,37.54,127.04
서울숲공원 커뮤니티센터,서울특별시,성동구,서울특별시 성동구 뚝섬로 273,37.54,127.04
성북장애인복지관,서울특별시,성북구,서울특별시 성북구 화랑로130,37.6,127.05
성북구청,서울특별시,성북구,서울특별시 성북구 보문로 168,37.59,127.02
종암경찰서,서울특별시,성북구,서울특별시 성북구 종암로 135,37.6,127.03
한성대역,서울특별시,성북구,서울특별시 성북구 삼선교로 지하1,37.59,127.01
보문역,서울특별시,성북구,서울특별시 성북구 보문로 116,37.59,127.02
돌곶이역,서울특별시,성북구,서울특별시 성북구 화랑로 지하243,37.61,127.06
월곡역,서울특별시,성북구,서울특별시 성북구 장월로 1길 91,37.6,127.04
성북장애인자립생활센터,서울특별시,성북구,서울특별시 성북구 보문로 134,37.59,127.02
성북장애인보장구수리센터,서울특별시,성북구,서울특별시 성북구 보문로 133,37.59,127.02
월곡종합사회복지관,서울특별시,성북구,서울특별시 성북구 오패산로 16길 23,37.61,127.04
성북구지체장애인협회,서울특별시,성북구,서울특별시 성북구 화랑로 13가길 100,37.61,127.04
길음종합사회복지관,서울특별시,성북구,서울특별시 성북구 삼양로 8가길 32,37.61,127.02
성북구장애인단체연합회,서울특별시,성북구,서울특별시 성북구 오패산로3길 95,37.61,127.03
종합운동장역,서울특별시,송파구,서울특별시 송파구 올림픽로 23,37.51,127.07
잠실역,서울특별시,송파구,서울특별시 송파구 올림픽로 305,37.51,127.1
몽촌토성역,서울특별시,송파구,서울특별시 송파구 올림픽로 383,37.52,127.11
올림픽공원역,서울특별시,송파구,서울특별시 송파구 양재대로 1233,37.52,127.13
마천역,서울특별시,송파구,서울특별시 송파구 마천로57길 7,37.49,127.15
가락시장역,서울특별시,송파구,서울특별시 송파구 송파대로 257,37.49,127.12
복정역,서울특별시,송파구,서울특별시 송파구 송파대로 6,37.47,127.13
송파구청,서울특별시,송파구,서울특별시 송파구 올림픽로 326,37.51,127.11
방이복지관,서울특별시,송파구,서울특별시 송파구 오금로11길 68,37.51,127.11
서울장애인자립생활센터,서울특별시,송파구,"서울특별시 송파구 오금로 507, 거여빌딩 6층",37.49,127.15
송파구 보건지소,서울특별시,송파구,서울특별시 송파구 양산로 5,37.49,127.14
가락본동주민센터,서울특별시,송파구,서울특별시 송파구 송파대로 28길 39,37.5,127.12
석촌역,서울특별시,송파구,서울특별시 송파구 송파대로 지하 439,37.51,127.11
장지역,서울특별시,송파구,서울특별시 송파구 송파대로 지하 82,37.48,127.13
삼전역,서울특별시,송파구,서울특별시 송파구 백제고분로 지하 189,37.5,127.09
석촌고분역,서울특별시,송파구,서울특별시 송파구 백제고분로 지하 274,37.5,127.1
석촌역,서울특별시,송파구,서울특별시 송파구 백제고분로 지하 368,37.51,127.11
송파나루역,서울특별시,송파구,서울특별시 송파구 백제고분로 지하 446,37.51,127.11
한성백제역,서울특별시,송파구,서울특별시 송파구 위례성대로 지하 29,37.52,127.12
올림픽공원역,서울특별시,송파구,서울특별시 송파구 양재대로 지하 1231,37.52,127.13
인성장애인복지관,서울특별시,송파구,서울특별시 송파구 마천로61길 26?,37.49,127.16
송파구장애인운전교육원,서울특별시,송파구,서울특별시 송파구 삼학사로2길 49?,37.5,127.1
서울지체장애인협회 송파구지회,서울특별시,송파구,서울특별시 송파구 문정로 170,37.49,127.14
송파노인종합복지관,서울특별시,송파구,서울특별시 송파구 백제고분로32길 41,37.5,127.09
송파안전체험교육관,서울특별시,송파구,서울특별시 송파구 성내천로 35길 53,37.5,127.16
아산병원,서울특별시,송파구,서울특별시 송파구 올림픽로 43길 88,37.53,127.11
신정1동 주민센터,서울특별시,양천구,서울특별시 양천구 중앙로 32길 1(신정동),37.52,126.85
신월3동 주민센터,서울특별시,양천구,서울특별시 양천구 남부순환로 54길 5(신월동),37.53,126.83
신정3동 넓은들민원센터,서울특별시,양천구,서울특별시 양천구 남부순환로88길 5-7(신정동),37.51,126.84
목5동 주민센터,서울특별시,양천구,서울특별시 양천구 목동서로 41(목동),37.54,126.88
신월보건지소,서울특별시,양천구,서울특별시 양천구 남부순환로 407(신월동),37.53,126.83
목동종합사회복지관,서울특별시,양천구,서울특별시 양천구 목동중앙북로8길 104(목동),37.54,126.87
신목종합사회복지관,서울특별시,양천구,서울특별시 양천구 신목로 5(신정동),37.52,126.88
해누리복지관,서울특별시,양천구,서울특별시 양천구 목동동로 159(신정동),37.52,126.87
지체장애연협회 양천구지회,서울특별시,양천구,서울특별시 양천구 가로공원로 101(신월동),37.54,126.83
사람사랑양천자립생활센터,서울특별시,양천구,서울특별시시 양천구 신정로 267(신정동),37.51,126.85
양천어르신종합복지관,서울특별시,양천구,서울특별시 양천구 목동로3길 106(신정동),37.51,126.86
서서울어르신복지관,서울특별시,양천구,서울특별시 양천구 가로공원로60가길 16(신월동),37.53,126.83
신정종합사회복지관,서울특별시,양천구,서울특별시 양천구 신정중앙로 36(신정동),37.53,126.86
신월6동 주민센터,서울특별시,양천구,서울특별시 양천구 남부순환로83길 54(신월동),37.53,126.84
영등포구,서울특별시,영등포구,서울특별시 영등포구 신길로55(신길동),37.5,126.91
영등포구,서울특별시,영등포구,서울특별시 영등포구 버드나루로22(영등포동2가),37.52,126.91
영등포구,서울특별시,영등포구,서울특별시 영등포구 도림로482(문래동3가),37.52,126.89
영등포구,서울특별시,영등포구,서울특별시 영등포구 당산로123(당산동3가),37.53,126.9
영등포구,서울특별시,영등포구,서울특별시 영등포구 영등포로53길 22(영등포동2가),37.52,126.91
영등포구,서울특별시,영등포구,서울특별시 영등포구 영등포로84길24-5(신길동),37.51,126.92
영등포구,서울특별시,영등포구,서울특별시 영등포구 대림로197(대림동),37.5,126.9
영등포구,서울특별시,영등포구,"서울특별시 영등포구 도신로183(신길동, 태광빌딩)",37.51,126.91
영등포구,서울특별시,영등포구,"서울특별시 영등포구 버드나루로22길 5(당산동, 강변한솔그라지아)",37.53,126.91
영등포구,서울특별시,영등포구,서울특별시 영등포구 디지털로441(대림동),37.5,126.91
영등포구,서울특별시,영등포구,서울특별시 영등포구 대림로23길25(대림동),37.49,126.9
영등포구,서울특별시,영등포구,서울특별시 영등포구 당산로29길 9(당산동3가),37.53,126.89
영등포구,서울특별시,영등포구,서울특별시 영등포구 국제금융로 124,37.52,126.93
영등포구,서울특별시,영등포구,서울특별시 영등포구 양산로23길 11,37.53,126.9
영등포구,서울특별시,영등포구,서울특별시 영등포구 당산로41가길 7,37.53,126.9
영등포구,서울특별시,영등포구,서울특별시 영등포구 도영로7길 10,37.51,126.9
영등포구,서울특별시,영등포구,서울특별시 영등포구 문래로28길 15,37.52,126.9
영등포구,서울특별시,영등포구,서울특별시 영등포구 디지털로 441,37.5,126.91
영등포구,서울특별시,영등포구,서울특별시 영등포구 영등포로11길 12,37.52,126.89
영등포구,서울특별시,영등포구,서울특별시 영등포구 선유로47길 30,37.54,126.89
영등포구,서울특별시,영등포구,서울특별시 영등포구 대방천로 169,37.5,126.91
영등포구,서울특별시,영등포구,서울특별시 영등포구 여의대방로43길 10,37.51,126.92
영등포구,서울특별시,영등포구,서울특별시 영등포구 도신로27,37.5,126.9
영등포구,서울특별시,영등포구,서울특별시 영등포구 문래로20길 49,37.52,126.89
영등포구,서울특별시,영등포구,서울특별시 영등포구 선유로 43가길 10-8,37.53,126.89
영등포구,서울특별시,영등포구,서울특별시 영등포구 여의대로 24,37.52,126.92
영등포구,서울특별시,영등포구,서울특별시 영등포구 버드나루로 22,37.52,126.91
영등포구,서울특별시,영등포구,서울특별시 영등포구 도림로 482,37.52,126.89
영등포구,서울특별시,영등포구,서울특별시 영등포구 경인로114가길 9,37.52,126.92
영등포구,서울특별시,영등포구,서울특별시 영등포구 도림로 137,37.49,126.9
영등포구,서울특별시,영등포구,서울특별시 영등포구 경인로 846,37.52,126.91
구립용산장애인복지관,서울특별시,용산구,서울특별시 용산구 효창원로93길 49,37.55,126.96
용산구청,서울특별시,용산구,서울특별시 용산구 녹사평대로 150,37.53,126.99
용산구 장애인 커뮤니티센터,서울특별시,용산구,서울특별시 용산구 서빙고로 245,37.52,126.99
국립중앙박물관,서울특별시,용산구,서울특별시 용산구 서빙고로 137,37.52,126.98
한강로동 주민센터,서울특별시,용산구,서울특별시 용산구 한강대로38길 28,37.53,126.97
서울역,서울특별시,용산구,서울특별시 용산구 한강대로 405,37.55,126.97
서울특별시 용산역,서울특별시,용산구,서울특별시 용산구 한강대로 23길 55,37.53,126.96
남영역,서울특별시,용산구,서울특별시 용산구 한강대로 77길 25,37.54,126.97
효창공원앞역(경의중앙선),서울특별시,용산구,서울특별시 용산구 백범로 지하 287,37.54,126.96
이촌역(경의중앙선),서울특별시,용산구,서울특별시 용산구 서빙고 83,37.52,126.97
서빙고역,서울특별시,용산구,서울특별시 용산구 서빙고로 238,37.52,126.99
한남역,서울특별시,용산구,서울특별시 용산구 독서당로6길 12-13,37.53,127.01
삼각지역,서울특별시,용산구,서울특별시 용산구 한강대로 180,37.53,126.97
숙대입구역,서울특별시,용산구,서울특별시 용산구 한강대로 306,37.55,126.97
한벗장애인주간보호시설,서울특별시,용산구,서울특별시 용산구 효창원로69길 24-3,37.54,126.96
용산행복장애인자립생활센터,서울특별시,용산구,서울특별시 용산구 원효로89길 31,37.54,126.97
은평구청,서울특별시,은평구,서울특별시 은평구 은평로 195,37.6,126.93
응암1동 주민센터,서울특별시,은평구,서울특별시 은평구 백련산로 179,37.6,126.93
수색동 주민센터,서울특별시,은평구,서울특별시 은평구 수색로 280,37.58,126.89
서부장애인종합복지관,서울특별시,은평구,서울특별시 은평구 갈현로11길 30,37.61,126.91
은평구 장애인 이동기기 수리센터,서울특별시,은평구,서울특별시 은평구 서오릉로 19,37.6,126.93
(사)서울시지체장애인협회 은평구지회,서울특별시,은평구,서울특별시 은평구 가좌로 276-9,37.59,126.91
증산역,서울특별시,은평구,서울특별시 은평구 증산로 306,37.58,126.91
새절역,서울특별시,은평구,서울특별시 은평구 증산로 400,37.59,126.91
응암역,서울특별시,은평구,서울특별시 은평구 증산로 477 지하철6호선응암역사,37.6,126.92
역촌역,서울특별시,은평구,서울특별시 은평구 서오릉로 63,37.61,126.92
연신내역,서울특별시,은평구,서울특별시 은평구 통일로 849,37.62,126.92
독바위역,서울특별시,은평구,서울특별시 은평구 불광로 129-1,37.62,126.93
불광역,서울특별시,은평구,서울특별시 은평구 통일로 723-1,37.61,126.93
갈현1동주민센터,서울특별시,은평구,서울특별시 은평구 갈현로 301,37.62,126.92
불광2동주민센터,서울특별시,은평구,서울특별시 은평구 연서로 41길 16,37.63,126.93
응암2동주민센터,서울특별시,은평구,서울특별시 은평구 백련산로 100,37.59,126.92
대조동주민센터,서울특별시,은평구,서울특별시 은평구 연서로20길 24-3,37.61,126.92
구산동주민센터,서울특별시,은평구,서울특별시 은평구 갈현로17길 10,37.61,126.91
역촌동주민센터,서울특별시,은평구,서울특별시 은평구 연서로 59,37.6,126.92
은평노인종합복지관,서울특별시,은평구,서울특별시 은평구 연서로 415,37.63,126.93
은평재활원,서울특별시,은평구,서울특별시 은평구 갈현로 11길 30,37.61,126.91
전동휠체어급속충전기,서울특별시,종로구,서울특별시 종로구 종로 55,37.57,126.98
전동휠체어급속충전기,서울특별시,종로구,서울특별시 종로구 종로 지하 129,37.57,126.99
전동휠체어급속충전기,서울특별시,종로구,서울특별시 종로구 종로 359,37.57,127.02
전동휠체어급속충전기,서울특별시,종로구,서울특별시 종로구 율곡로 62,37.58,126.99
전동휠체어급속충전기,서울특별시,종로구,서울특별시 종로구 대학로 120,37.58,127
전동휠체어급속충전기,서울특별시,종로구,서울특별시 종로구 율곡로 308,37.57,127.01
전동휠체어급속충전기,서울특별시,종로구,서울특별시 종로구 세종대로 175,37.57,126.98
전동휠체어급속충전기,서울특별시,종로구,서울특별시 종로구 삼봉로 43,37.57,126.98
전동휠체어급속충전기,서울특별시,종로구,서울특별시 종로구 자하문로19길 36,37.58,126.97
전동휠체어급속충전기,서울특별시,종로구,서울특별시 종로구 종로17길 8,37.57,126.99
전동휠체어급속충전기,서울특별시,종로구,서울특별시 종로구 새문안로 55,37.57,126.97
전동휠체어급속충전기,서울특별시,종로구,서울특별시 종로구 세종대로 172,37.57,126.98
중구청,서울특별시,중구,서울특별시 중구 창경궁로 17,37.56,127
보건소,서울특별시,중구,서울특별시 중구 다산로39길 16,37.56,127.02
구민회관,서울특별시,중구,서울특별시 중구 을지로39길 40,37.57,127.01
충무로역 4호선,서울특별시,중구,서울특별시 중구 퇴계로 지하 199,37.56,126.99
동대문역사문화공원역 2호선,서울특별시,중구,서울특별시 중구 을지로 281,37.57,127.01
동대문역사문화공원역 4호선,서울특별시,중구,서울특별시 중구 마른내로 지하 162,37.56,127.01
중구종합복지센터,서울특별시,중구,서울특별시 중구 퇴계로 460,37.57,127.02
신당종합사회복지관,서울특별시,중구,서울특별시 중구 동호로11길 22,37.55,127.01
중림종합사회복지관,서울특별시,중구,서울특별시 중구 서소문로6길 16,37.56,126.97
이로움 교육지원센터,서울특별시,중구,서울특별시 중구 다산로 지하 38,37.55,127.01
약수역 6호선,서울특별시,중구,서울특별시 중구 다산로 지하 115,37.55,127.01
DDP 디자인장터,서울특별시,중구,서울특별시 중구 을지로 281,37.57,127.01
국립중앙의료원,서울특별시,중구,서울특별시 중구 을지로 245,37.57,127.01
망우역,서울특별시,중랑구,서울특별시 중랑구 망우로55길 11-10,37.6,127.09
먹골역,서울특별시,중랑구,서울특별시 중랑구 동일로 901,37.61,127.08
면목역,서울특별시,중랑구,서울특별시 중랑구 면목로 407,37.59,127.09
봉화산역,서울특별시,중랑구,서울특별시 중랑구 신내로 232,37.62,127.09
사가정역,서울특별시,중랑구,서울특별시 중랑구 사가정로 393,37.58,127.09
상봉역,서울특별시,중랑구,서울특별시 중랑구 망우로 297,37.6,127.09
신내역,서울특별시,중랑구,서울특별시 중랑구 신내역로 20,37.61,127.1
양원역,서울특별시,중랑구,서울특별시 중랑구 송림길 147,37.61,127.11
용마산역,서울특별시,중랑구,서울특별시 중랑구 용마산로 227,37.57,127.09
중랑역,서울특별시,중랑구,서울특별시 중랑구 중랑역로 9,37.59,127.08
중화역,서울특별시,중랑구,서울특별시 중랑구 동일로 797,37.6,127.08
화랑대역,서울특별시,중랑구,서울특별시 노원구 화랑로 510,37.62,127.08
구립직업재활센터,서울특별시,중랑구,서울특별시 중랑구 숙선옹주로9길 55,37.62,127.08
면목사회복지관,서울특별시,중랑구,서울특별시 중랑구 용마산로 228,37.57,127.09
시립대종합사회복지관,서울특별시,중랑구,서울특별시 중랑구 신내로 115,37.61,127.09
신내노인종합복지관,서울특별시,중랑구,서울특별시 중랑구 신내로15길 175,37.61,127.09
신내종합사회복지관,서울특별시,중랑구,서울특별시 중랑구 봉화산로 165,37.61,127.09
용마경로복지관,서울특별시,중랑구,서울특별시 중랑구 용마산로94길 98,37.59,127.1
원광장애인복지관,서울특별시,중랑구,서울특별시 중랑구 신내로 56,37.6,127.1
중랑노인복지관,서울특별시,중랑구,서울특별시 중랑구 겸재로9길 45,37.59,127.08
서울의료원,서울특별시,중랑구,서울특별시 중랑구 신내로 156,37.61,127.1
망우3동주민센터,서울특별시,중랑구,서울특별시 중랑구 겸재로61길 40,37.59,127.09
망우본동주민센터,서울특별시,중랑구,서울특별시 중랑구 망우로67길 10,37.6,127.1
면목5동주민센터,서울특별시,중랑구,서울특별시 중랑구 동일로 619,37.59,127.08
중랑구청,서울특별시,중랑구,서울특별시 중랑구 봉화산로 179,37.61,127.09
중랑세무서,서울특별시,중랑구,서울특별시 중랑구 망우로 176,37.59,127.07
중랑우체국,서울특별시,중랑구,서울특별시 중랑구 망우로 271,37.6,127.08
